inn;name;region;okved_main;reg_date;revenue;revenue_year;source
7702770003;"АО ""ЦПЛ""";121170, город Москва, Поклонная ул, д. 3, этаж 3/помещ. 120;Деятельность по созданию и использованию баз данных и информационных ресурсов;31.08.2011;140 702 722 000 руб.+151%;2025;https://www.rusprofile.ru/
9718101499;"ООО ""Яндекс.Лавка""";123112, город Москва, 1-Й Красногвардейский проезд, д. 22 стр. 1, этаж 12 помещ. 12-40;Разработка компьютерного программного обеспечения;15.05.2018;110 269 708 000 руб.+64%;2025;https://www.rusprofile.ru/
7708119944;"ООО ИК ""Сибинтек""";117152, город Москва, Загородное ш., д. 1 к. 1;Деятельность по созданию и использованию баз данных и информационных ресурсов;26.08.1999;56 565 923 000 руб.+9%;2025;https://www.rusprofile.ru/
7707767501;"ООО ""МВС""";115432, город Москва, пр-кт Андропова, д. 18 к. 9, этаж 16 помещ. 35;Разработка компьютерного программного обеспечения;11.01.2012;51 373 406 000 руб.+58%;2025;https://www.rusprofile.ru/
9705118142;"ООО ""Инстамарт Сервис""";142111, город Москва, г Щербинка, ул Кутузова, д. 12;Деятельность по обработке данных, предоставление услуг по размещению информации и связанная с этим деятельность;22.05.2018;46 790 369 000 руб.+36%;2025;https://www.rusprofile.ru/
7701793872;"ООО ""Ланит-Интеграция""";125009, город Москва, Газетный пер, д. 9 стр. 7, эт 1 пом I ком 4;Деятельность, связанная с использованием вычислительной техники и информационных технологий, прочая;28.07.2008;42 379 537 000 руб.+22%;2025;https://www.rusprofile.ru/
7702404085;"ООО ""Рубитех""";129085, город Москва, ул Годовикова, д. 9 стр. 17, этаж 8 помещ. 5;Деятельность консультативная и работы в области компьютерных технологий;25.07.2016;38 099 861 000 руб.+73%;2025;https://www.rusprofile.ru/
7734358970;"АО ""РАСУ""";115230, город Москва, Каширское ш., д. 3к2стр16, этаж 6, каб. 6.02;Деятельность консультативная и работы в области компьютерных технологий;28.07.2015;37 070 261 000 руб.+81%;2025;https://www.rusprofile.ru/
9705120864;"АО ""Точка""";119002, город Москва, Староконюшенный пер, д. 10;Деятельность по обработке данных, предоставление услуг по размещению информации и связанная с этим деятельность;04.07.2018;34 605 229 000 руб.+36%;2025;https://www.rusprofile.ru/
7743180892;"ООО ""ТЦР""";127287, город Москва, ул Хуторская 2-Я, д. 38а стр. 26, этаж/помещ 4/VIII ком. 10;Разработка компьютерного программного обеспечения;09.11.2016;32 927 061 000 руб.+84%;2025;https://www.rusprofile.ru/
7706729736;"АО ""Гринатом""";119017, город Москва, ул. Большая Ордынка, д.24;Разработка компьютерного программного обеспечения;18.12.2009;30 036 700 000 руб.+14%;2025;https://www.rusprofile.ru/
7703475603;"ООО ""Озон Технологии""";123112, город Москва, Пресненская наб., д. 10, помещ. I, этаж 41, комн. 7;Разработка компьютерного программного обеспечения;13.05.2019;27 137 469 000 руб.+46%;2025;https://www.rusprofile.ru/
7704329852;"ООО ""Сервис-Телематика""";127254, город Москва, Огородный проезд, д. 16/1 стр. 4, помещ. 205;Деятельность, связанная с использованием вычислительной техники и информационных технологий, прочая;22.09.2015;25 422 247 000 руб.+192%;2025;https://www.rusprofile.ru/
7725629159;"АО ""НВБС""";127018, город Москва, Складочная ул, д. 3 стр. 1;Деятельность консультативная и работы в области компьютерных технологий;13.02.2008;23 949 435 000 руб.+36%;2025;https://www.rusprofile.ru/
5003150437;"ООО ""ВБ Тех""";142181, Московская область, д Коледино, тер. Индустриальный Парк Коледино, д. 6 стр. 1;Разработка компьютерного программного обеспечения;25.04.2022;23 392 760 000 руб.+245%;2025;https://www.rusprofile.ru/
9710089440;"ООО ""Авито Тех""";125196, город Москва, Лесная ул, д. 7, этаж 5 ком. 1-39;Разработка компьютерного программного обеспечения;04.05.2021;22 656 333 000 руб.+93%;2025;https://www.rusprofile.ru/
7743773042;"ООО ""Норникель Спутник""";125130, город Москва, Старопетровский пр-д, д. 11 к. 2, ком. 511;Деятельность по сопровождению компьютерных систем;17.03.2010;21 964 684 000 руб.+19%;2025;https://www.rusprofile.ru/
7736632467;"АО ""Сбертех""";117105, город Москва, Новоданиловская наб., д.10;Разработка компьютерного программного обеспечения;06.07.2011;20 563 603 000 руб.+26%;2025;https://www.rusprofile.ru/
7704356648;"ООО ""РТК ИБ""";125009, город Москва, Никитский пер., д. 7 стр. 1, эт/пом/ком 2/I/58;Деятельность по управлению компьютерным оборудованием;11.05.2016;17 778 409 000 руб.+61%;2025;https://www.rusprofile.ru/
7605016030;"ООО ""Компания ""Тензор""";150001, Ярославская область, город Ярославль, Московский пр-кт, д.12;Разработка компьютерного программного обеспечения;10.06.1999;17 469 325 000 руб.+27%;2025;https://www.rusprofile.ru/
5030065734;"ООО ""РТК ИТ""";108811, город Москва, км 22-Й (Киевское Ш.), двлд. 6 стр. 1, офис е434;Разработка компьютерного программного обеспечения;10.04.2009;17 252 756 000 руб.+30%;2025;https://www.rusprofile.ru/
9704161593;"ООО ""Яндекс Крауд""";119021, город Москва, ул Льва Толстого, д. 16, этаж 2 помещ/часть комнаты X/1;Деятельность по обработке данных, предоставление услуг по размещению информации и связанная с этим деятельность;05.09.2022;17 247 579 000 руб.+80%;2025;https://www.rusprofile.ru/
7736663049;"ООО ""Сбербанк-Сервис""";127018, город Москва, ул Двинцев, д. 12 к. 1, помещ. 1/1;Деятельность консультативная и работы в области компьютерных технологий;08.08.2013;16 106 422 000 руб.+71%;2025;https://www.rusprofile.ru/
7710022410;"АО ""Гипротрубопровод""";119334, город Москва, ул. Вавилова, д.24 к.1;Деятельность, связанная с использованием вычислительной техники и информационных технологий, прочая;10.08.1994;15 901 196 000 руб.+10%;2025;https://www.rusprofile.ru/
7707507077;"ООО ""Платформикс""";127287, город Москва, ул Хуторская 2-Я, д. 38а стр. 15;Деятельность консультативная и работы в области компьютерных технологий;26.11.2003;15 816 837 000 руб.+27%;2025;https://www.rusprofile.ru/
7736279160;"ООО ""Облачные Технологии""";117312, город Москва, ул. Вавилова, д. 23 стр. 1, ком. n1.207;Деятельность по обработке данных, предоставление услуг по размещению информации и связанная с этим деятельность;04.10.2016;15 603 744 000 руб.+76%;2025;https://www.rusprofile.ru/
7704869777;"ООО ""Ртитс""";127015, город Москва, Вятская ул, д. 27 стр. 16, этаж 2 пом I ком 16;Разработка компьютерного программного обеспечения;24.07.2014;14 702 345 000 руб.+3%;2025;https://www.rusprofile.ru/
7731642944;"ООО ""Телеком Интеграция""";117420, город Москва, ул Намёткина, д. 12а;Деятельность, связанная с использованием вычислительной техники и информационных технологий, прочая;25.01.2010;14 480 757 000 руб.+21%;2025;https://www.rusprofile.ru/
7736249247;"ООО ""Домклик""";121170, город Москва, Кутузовский пр-кт, д. 32 к. 1;Разработка компьютерного программного обеспечения;20.07.2015;13 939 137 000 руб.+13%;2025;https://www.rusprofile.ru/
9710053162;"ООО ""РТК ЦТ""";125284, город Москва, Ленинградский пр-кт, д. 35 стр. 1, этаж/помещ. 4/I ком. 49;Деятельность по созданию и использованию баз данных и информационных ресурсов;20.03.2018;13 646 398 000 руб.-42%;2025;https://www.rusprofile.ru/
4400001172;"ООО ""Совкомбанк Технологии""";143007, Московская область, г Одинцово, Вокзальная ул, д. 3б, помещ. 49 ком. 307;Разработка компьютерного программного обеспечения;15.02.2021;13 627 924 000 руб.+80%;2025;https://www.rusprofile.ru/
9717068640;"ООО ""ВУШ""";127006, город Москва, Долгоруковская ул, д. 21 стр. 1;Разработка компьютерного программного обеспечения;05.06.2018;13 329 927 000 руб.+25%;2025;https://www.rusprofile.ru/
7713479734;"ООО ""ВК-Ит""";143401, Московская область, г Красногорск, б-р Строителей, д. 4 к. 1, помещ. XXV ком. 32,34;Разработка компьютерного программного обеспечения;19.01.2021;13 281 118 000 руб.+32%;2025;https://www.rusprofile.ru/
5042117602;"ООО ""Экспертстройпроект""";129344, город Москва, Енисейская ул., д. 1 стр. 1, эт/пом 4/422;Разработка компьютерного программного обеспечения;01.03.2011;12 800 310 000 руб.-30%;2025;https://www.rusprofile.ru/
9725070121;"ООО ""Цифровые Технологии и Платформы""";115054, город Москва, Дубининская ул, д. 57 стр. 1, помещ. 12;Разработка компьютерного программного обеспечения;22.12.2021;12 491 523 000 руб.+57%;2025;https://www.rusprofile.ru/
7743282541;"АО ""ДЦОА""";115114, город Москва, Кожевнический проезд, д. 1;Разработка компьютерного программного обеспечения;16.11.2018;12 423 632 000 руб.+170%;2025;https://www.rusprofile.ru/
7713488827;"ООО ""СМ Лаб""";127422, город Москва, Тимирязевская ул, д. 1, этаж 4 ком. 4.с.2;Разработка компьютерного программного обеспечения;25.04.2022;12 252 435 000 руб.+41%;2025;https://www.rusprofile.ru/
7703282175;"АО ""Ситроникс Ай Ти""";109316, город Москва, Волгоградский пр-кт, д. 32 к. 31, этаж 3 ком. W321;Деятельность по обработке данных, предоставление услуг по размещению информации и связанная с этим деятельность;19.07.2001;11 976 348 000 руб.+21%;2025;https://www.rusprofile.ru/
7706673610;"ООО ""БФТ""";308001, Белгородская область, город Белгород, пл. Литвинова, д.9, помещение 1,2,3,4,5,7,8;Разработка компьютерного программного обеспечения;06.11.2007;11 306 290 000 руб.+25%;2025;https://www.rusprofile.ru/
5047053920;"АО ""РТ Лабс""";141402, Московская область, город Химки, Пролетарская ул, д. 23, ком. 101;Разработка компьютерного программного обеспечения;01.04.2003;10 932 706 000 руб.+40%;2025;https://www.rusprofile.ru/
9704107589;"ООО ""Яндекс.Доставка Холдинг""";123112, город Москва, 1-Й Красногвардейский проезд, д. 22 стр. 1, этаж 12 помещ. 12-40;Разработка компьютерного программного обеспечения;15.12.2021;10 880 547 000 руб.+34%;2025;https://www.rusprofile.ru/
7722531204;"АО ""Текон-Инжиниринг""";123423, город Москва, 3-Я Хорошёвская ул., д. 20;Разработка компьютерного программного обеспечения;22.11.2004;10 627 820 000 руб.+8%;2025;https://www.rusprofile.ru/
7714415613;"ООО ""ВК Цифровые Технологии""";125167, город Москва, Ленинградский пр-кт, д. 39 стр. 79, этаж 17;Разработка компьютерного программного обеспечения;29.09.2017;10 473 120 000 руб.+33%;2025;https://www.rusprofile.ru/
5027281502;"ООО ""СМТ-Строй""";140054, Московская область, г Котельники, мкр. Ковровый, д. 37, этаж 4 помещ. 404;Деятельность по созданию и использованию баз данных и информационных ресурсов;29.10.2019;10 132 529 000 руб.+61%;2025;https://www.rusprofile.ru/
7713728490;"ООО ""Философия.ИТ""";107023, город Москва, ул. Измайловский Вал, д. 30;Разработка компьютерного программного обеспечения;13.05.2011;10 051 899 000 руб.+1%;2025;https://www.rusprofile.ru/
7710718303;"ООО ""Сравни.Ру""";109544, город Москва, б-р Энтузиастов, д. 2, этаж 26;Деятельность по обработке данных, предоставление услуг по размещению информации, деятельность порталов в информационно-коммуникационной сети Интернет;16.05.2008;9 998 547 000 руб.+27%;2025;https://www.rusprofile.ru/
7728815650;"ООО ""Транснефть-Технологии""";125252, город Москва, 3-я Песчаная ул., д. 2а, башня юго-восточная (синяя) эт 10 пом 1005;Деятельность по созданию и использованию баз данных и информационных ресурсов;08.08.2012;9 554 119 000 руб.+36%;2025;https://www.rusprofile.ru/
7735116621;"АО ""Ситроникс""";109316, город Москва, Волгоградский пр-кт, д. 32 к. 31, этаж 3 помещ. 2;Разработка компьютерного программного обеспечения;09.12.2002;9 382 436 000 руб.-39%;2025;https://www.rusprofile.ru/
7729445882;"ООО ""ППГ""";117292, город Москва, ул Дмитрия Ульянова, д. 7а, помещ. I ком. 7;Деятельность консультативная и работы в области компьютерных технологий;04.02.2015;9 288 082 000 руб.+13%;2025;https://www.rusprofile.ru/
7704370385;"ООО ""РСХБ-Интех""";119034, город Москва, Гагаринский пер, д. 3, этаж 2 ком. 40;Разработка компьютерного программного обеспечения;01.09.2016;9 221 755 000 руб.+29%;2025;https://www.rusprofile.ru/
1435308804;"ООО ""Ин14""";677000, Республика Саха (Якутия), г Якутск, мкр. 203, д. 28;Деятельность, связанная с использованием вычислительной техники и информационных технологий, прочая;31.05.2016;3 381 990 000 руб.+19%;2025;https://www.rusprofile.ru/
2536133126;"ООО ""Фарпост""";690001, Приморский край, город Владивосток, Пушкинская ул., д.40;Разработка компьютерного программного обеспечения;02.04.2003;2 601 454 000 руб.+21%;2025;https://www.rusprofile.ru/
2543151084;"ООО ""ДНС Технологии""";690068, Приморский край, город Владивосток, пр-кт 100-летия Владивостока, д. 155, корпус 3, офис 5;Разработка компьютерного программного обеспечения;05.08.2020;2 053 924 000 руб.+38%;2025;https://www.rusprofile.ru/
2724108997;"ООО ""Нпти""";680014, Хабаровский край, г Хабаровск, Георгиевская ул, д. 21а, помещ. 55;Деятельность по созданию и использованию баз данных и информационных ресурсов;14.08.2007;653 989 000 руб.+9%;2025;https://www.rusprofile.ru/
7838017968;"ООО ""Газинформсервис""";198096, город Санкт-Петербург, Кронштадтская ул., д. 10 литера а;Деятельность, связанная с использованием вычислительной техники и информационных технологий, прочая;11.02.2004;33 327 264 000 руб.-7%;2025;https://www.rusprofile.ru/
7728654530;"ООО ""Газпромнефть-ЦР""";196084, город Санкт-Петербург, Киевская ул., д. 5 к. 4, чпом 64-н пом 1 офис 5502;Разработка компьютерного программного обеспечения;01.04.2008;22 173 612 000 руб.+25%;2025;https://www.rusprofile.ru/
7727696104;"ООО ""Газпром Информ""";196143, город Санкт-Петербург, пл Победы, д. 2 литера А, помещ. 1-н кабинет 422;Деятельность по созданию и использованию баз данных и информационных ресурсов;21.08.2009;20 047 567 000 руб.-12%;2025;https://www.rusprofile.ru/
8905032518;"ООО ""Газпромнефть ИТО""";190013, город Санкт-Петербург, Московский пр-кт, д. 60/129 литера а часть помещения 1-н, комнаты 195-207;Деятельность по управлению компьютерным оборудованием;01.12.2003;16 985 032 000 руб.+33%;2025;https://www.rusprofile.ru/
7810840970;"ООО ""Лаборатория ВС""";196006, город Санкт-Петербург, Цветочная ул, д. 18 литера б, офис 303;Разработка компьютерного программного обеспечения;21.09.2011;15 208 321 000 руб.-10%;2025;https://www.rusprofile.ru/
7801019126;"АО ""Нэксайн""";199155, город Санкт-Петербург, Уральская ул, д. 4 литера Б, помещ. 22н;Разработка компьютерного программного обеспечения, консультационные услуги в данной области и другие сопутствующие услуги;03.03.1992;13 145 707 000 руб.+83%;2025;https://www.rusprofile.ru/
7810962785;"АО ""Селектел""";196006, город Санкт-Петербург, Цветочная ул, д. 21 литера А;Деятельность по обработке данных, предоставление услуг по размещению информации и связанная с этим деятельность;08.07.2024;13 050 420 000 руб.;2025;https://www.rusprofile.ru/
3528007105;"АО ""Северсталь-Инфоком""";162602, Вологодская область, город Череповец, ул. Ленина, д. 123а;Разработка компьютерного программного обеспечения;06.06.2002;7 246 846 000 руб.+33%;2025;https://www.rusprofile.ru/
5024182694;"ООО ""Инносети""";236016, Калининградская область, г Калининград, ул Фрунзе, зд. 51, помещ. 26;Разработка компьютерного программного обеспечения;07.02.2018;7 077 135 000 руб.+25%;2025;https://www.rusprofile.ru/
7806038436;"ООО ""Леста""";195112, город Санкт-Петербург, пл. Карла Фаберже, д. 8 литер в, помещ. 40н;Разработка компьютерного программного обеспечения;22.12.1995;5 860 143 000 руб.+29%;2025;https://www.rusprofile.ru/
7801378904;"ООО ""Сигма""";195009, город Санкт-Петербург, Свердловская наб., д.4 литер б;Разработка компьютерного программного обеспечения;15.04.2005;5 099 162 000 руб.+1%;2025;https://www.rusprofile.ru/
7810385714;"ООО ""Биайэй-Технолоджиз""";196084, город Санкт-Петербург, Московский пр-кт, д. 94 литера А, помещ. 10-н;Разработка компьютерного программного обеспечения;06.11.2014;4 574 947 000 руб.-47%;2025;https://www.rusprofile.ru/
7801489298;"ООО ""Корус Консалтинг СРМ""";191119, город Санкт-Петербург, ул. Марата, д. 55/5 литер а, помещ. 5н;Разработка компьютерного программного обеспечения;05.02.2009;4 249 143 000 руб.+7%;2025;https://www.rusprofile.ru/
7804706511;"ООО ""НПФ ""Система-Сервис""";195009, город Санкт-Петербург, Арсенальная ул, д. 66 к. 3 стр. 1, офис 401;Деятельность консультативная и работы в области компьютерных технологий;23.01.2024;3 359 045 000 руб.;2025;https://www.rusprofile.ru/
7801392271;"ООО ""Сберкорус""";192007, город Санкт-Петербург, наб Обводного Канала, д. 60 литера А, помещ. 1-н;Разработка компьютерного программного обеспечения;03.11.2005;3 321 198 000 руб.-5%;2025;https://www.rusprofile.ru/
7724514910;ООО ЭТП ГПБ;191186, город Санкт-Петербург, Малая Конюшенная ул, д. 1-3 литера А, помещ. 19-н;Деятельность по созданию и использованию баз данных и информационных ресурсов;23.06.2004;3 210 705 000 руб.+20%;2025;https://www.rusprofile.ru/
7802138630;"ООО ""Лектон""";197046, город Санкт-Петербург, Петроградская наб, д. 36 литера А, помещ. 1-н, № 466;Разработка компьютерного программного обеспечения;27.01.2000;3 034 625 000 руб.;2025;https://www.rusprofile.ru/
7825483961;"ООО ""НТЦ Протей""";192102, город Санкт-Петербург, наб Реки Волковки, д. 7 литера А, помещ. 17н оф. 310;Разработка компьютерного программного обеспечения;25.09.2002;2 812 747 000 руб.+78%;2025;https://www.rusprofile.ru/
7805093681;"ООО ""ЦРТ""";город Санкт-Петербург, Выборгская наб., д. 45 литер е, пом. 1-н;Разработка компьютерного программного обеспечения;01.09.1997;2 798 513 000 руб.+48%;2025;https://www.rusprofile.ru/
7736581195;"ООО ""ИЦ Фосагро""";162622, Вологодская область, город Череповец, Северное ш, д. 36;Деятельность по обработке данных, предоставление услуг по размещению информации и связанная с этим деятельность;23.07.2008;2 759 242 000 руб.+24%;2025;https://www.rusprofile.ru/
7810951536;"ООО ""Селектел-Лаб""";188684, Ленинградская область, Всеволожский р-н, гп Дубровка, Советская ул, зд. 1, помещ. 2;Разработка компьютерного программного обеспечения;26.07.2022;2 583 170 000 руб.+77%;2025;https://www.rusprofile.ru/
7813646509;"ООО ""Цифровая Индустриальная Платформа""";197101, город Санкт-Петербург, ул. Кропоткина, д. 1 литер а, ч. пом. 1-н, комн.147, 2 эт.;Разработка компьютерного программного обеспечения;21.08.2020;2 448 461 000 руб.+31%;2025;https://www.rusprofile.ru/
7809014190;"АО ""Супертел""";197046, город Санкт-Петербург, Петроградская наб, д. 38 литера А;Разработка компьютерного программного обеспечения;28.10.1993;2 433 184 000 руб.-24%;2025;https://www.rusprofile.ru/
7810132262;"ООО ""НПФ Беркут""";197229, город Санкт-Петербург, Лахтинский пр-кт, д. 85 к. 3 стр. 1, офис 7в;Разработка компьютерного программного обеспечения;23.12.1997;2 379 480 000 руб.+14%;2025;https://www.rusprofile.ru/
7802020639;"ООО ""Рексофт""";197022, город Санкт-Петербург, пр-кт Медиков, д. 3 литер а, помещ. 4н, офис 310;Разработка компьютерного программного обеспечения;30.05.1991;2 378 936 000 руб.+47%;2025;https://www.rusprofile.ru/
7802664778;"ООО ""Газпром Межрегионгаз Инжиниринг""";197046, город Санкт-Петербург, Певческий пер, д. 12 литера А, помещ. 810;Разработка компьютерного программного обеспечения;04.05.2018;2 374 246 000 руб.+3%;2025;https://www.rusprofile.ru/
7801619483;"ООО ""Аскон-Системы Проектирования""";199155, город Санкт-Петербург, ул Одоевского, д. 5 литера а;Разработка компьютерного программного обеспечения;24.12.2013;2 304 618 000 руб.+76%;2025;https://www.rusprofile.ru/
7802740517;"ООО ""Юнигеймпро""";194156, город Санкт-Петербург, пр-кт Энгельса, д. 37 литер б, помещ. 21-н раб место 3;Разработка компьютерного программного обеспечения;11.02.2011;2 289 794 000 руб.+71%;2025;https://www.rusprofile.ru/
7805772235;"ООО ""Датаджайл""";198097, город Санкт-Петербург, пр-кт Стачек, д. 47 литер е, помещ. 3-н кабинет 403;Разработка компьютерного программного обеспечения;11.11.2020;2 208 910 000 руб.+26%;2025;https://www.rusprofile.ru/
7804452480;"ООО ""Агентство Трафик""";195009, город Санкт-Петербург, ул. Комсомола, д. 41 литер а, офис 429;Деятельность, связанная с использованием вычислительной техники и информационных технологий, прочая;12.01.2011;2 073 338 000 руб.+15%;2025;https://www.rusprofile.ru/
7826714668;"АО ""Кодекс""";199004, город Санкт-Петербург, пр-кт Средний В.О., д. 36/40 литера А, помещ. 1-н помещ. 1044;Деятельность по созданию и использованию баз данных и информационных ресурсов;10.02.2000;2 044 542 000 руб.+22%;2025;https://www.rusprofile.ru/
7810671708;"ООО ""Гараж 8""";191144, город Санкт-Петербург, Новгородская ул, д. 17 стр. 1, офис 901;Разработка компьютерного программного обеспечения;16.03.2017;1 957 979 000 руб.-2%;2025;https://www.rusprofile.ru/
7801714480;"ООО ""РК Авангард""";199106, город Санкт-Петербург, пр-кт Средний В.О., д. 88 литера А, помещ. 39н ком. 3;Деятельность по обработке данных, предоставление услуг по размещению информации и связанная с этим деятельность;14.07.2022;1 948 779 000 руб.+7%;2025;https://www.rusprofile.ru/
7838430413;"АО ""РАД""";190031, город Санкт-Петербург, пер Гривцова, д. 5 литера в;Деятельность по обработке данных, предоставление услуг по размещению информации и связанная с этим деятельность;31.08.2009;1 906 825 000 руб.-11%;2025;https://www.rusprofile.ru/
7819305720;"АО ""Ситроникс КТ""";199178, город Санкт-Петербург, пр-кт Малый В.О., д.54 корп 5 лит п;Разработка компьютерного программного обеспечения;15.11.2006;1 892 836 000 руб.-33%;2025;https://www.rusprofile.ru/
7801597840;"ООО ""Новардис Консалтинг""";191025, город Санкт-Петербург, ул Маяковского, д. 3б литера А, помещ. 10-н(1);Деятельность по созданию и использованию баз данных и информационных ресурсов;11.03.2013;1 849 336 000 руб.+25%;2025;https://www.rusprofile.ru/
7805296890;"АО ""Полиметалл Инжиниринг""";198216, город Санкт-Петербург, пр-кт Народного Ополчения, д. 2, офис 309;Деятельность по созданию и использованию баз данных и информационных ресурсов;04.03.2004;1 821 310 000 руб.+15%;2025;https://www.rusprofile.ru/
7804680366;"ООО ""Мпстатс""";195257, город Санкт-Петербург, Гражданский пр-кт, д. 100 стр. 1, помещ. 242;Разработка компьютерного программного обеспечения;24.02.2021;1 749 335 000 руб.+14%;2025;https://www.rusprofile.ru/
7801296835;"ООО ""К-Софт Инжиниринг""";199106, город Санкт-Петербург, лн. 26-я В.О., д. 15 к. 2 литер а, офис 70н;Разработка компьютерного программного обеспечения;16.12.2015;1 680 669 000 руб.+35%;2025;https://www.rusprofile.ru/
7801676234;"ООО ""Недра""";199155, город Санкт-Петербург, Уральская ул, д. 4 литера Б, часть нежил. помещ. 27н(часть ч.п.1, ч.п.21-ч.п.40);Разработка компьютерного программного обеспечения;18.12.2019;1 645 945 000 руб.+48%;2025;https://www.rusprofile.ru/
7813386970;"ООО ""Цифра""";194044, город Санкт-Петербург, Гельсингфорсская ул., д. 4 к. 1 лит. в, помещ. 16н офис 20;Разработка компьютерного программного обеспечения;08.08.2007;1 550 173 000 руб.-40%;2025;https://www.rusprofile.ru/
1101169848;"ООО ""Додо Инжиниринг""";167001, Республика Коми, город Сыктывкар, Октябрьский пр-кт, д. 16, этаж 2;Разработка компьютерного программного обеспечения;21.10.2020;1 539 476 000 руб.+49%;2025;https://www.rusprofile.ru/
7810518403;"ООО ИА ""Автотрансинфо""";194044, город Санкт-Петербург, Гельсингфорсская ул, д. 2 литера А, помещ. 13-н;Деятельность по созданию и использованию баз данных и информационных ресурсов;02.06.2008;1 488 352 000 руб.+80%;2025;https://www.rusprofile.ru/
7801451618;"ООО ""Бегет""";195112, город Санкт-Петербург, пл. Карла Фаберже, д. 8 литер б, офис 726а;Разработка компьютерного программного обеспечения;22.10.2007;1 467 404 000 руб.+47%;2025;https://www.rusprofile.ru/
3907026976;"ООО ""Битрикс""";236022, Калининградская область, город Калининград, Гостиная ул., д. 3 этаж 6, помещ. 3;Разработка компьютерного программного обеспечения;20.04.2001;1 434 490 000 руб.+13%;2025;https://www.rusprofile.ru/
7813214820;"ООО ""Медицинские Системы Визуализации""";197110, город Санкт-Петербург, Левашовский пр-кт, д. 12 литера А, помещ. 29н ком. 7;Разработка компьютерного программного обеспечения;20.02.2015;1 278 653 000 руб.+30%;2025;https://www.rusprofile.ru/
5003029060;"ООО ""Газпром ЦПС""";197198, город Санкт-Петербург, пр-кт Добролюбова, д. 16 к. 2 литера А, помещ. 27-н;Деятельность по созданию и использованию баз данных и информационных ресурсов;29.10.1999;1 269 314 000 руб.+654%;2025;https://www.rusprofile.ru/
7801540219;"ООО ""Индид""";191186, город Санкт-Петербург, Итальянская ул, д. 17 литера А, помещ. 1нс;Разработка компьютерного программного обеспечения, консультационные услуги в данной области и другие сопутствующие услуги;16.02.2011;1 264 713 000 руб.+65%;2025;https://www.rusprofile.ru/
7803009412;"ЗАО ""Диджитал Дизайн""";199155, город Санкт-Петербург, ул Одоевского, д. 28 литера а, пом. 13-н;Разработка компьютерного программного обеспечения;15.10.1992;1 261 184 000 руб.+36%;2025;https://www.rusprofile.ru/
7841098558;"ООО ""Блекхаб Геймс""";197101, город Санкт-Петербург, пр-кт Большой П.С., д. 53 к. 3 литера А;Разработка компьютерного программного обеспечения;28.04.2022;1 250 513 000 руб.+189%;2025;https://www.rusprofile.ru/
2311168514;"ООО ""ИТМ""";350072, Краснодарский край, город Краснодар, Солнечная ул., дом 15/5;Разработка компьютерного программного обеспечения;10.02.2014;14 703 485 000 руб.+27%;2025;https://www.rusprofile.ru/
3445113340;"ООО ""ИЦ Региональные Системы""";400074, Волгоградская область, г Волгоград, Козловская ул, д. 71, офис 401;Деятельность, связанная с использованием вычислительной техники и информационных технологий, прочая;18.10.2010;4 503 785 000 руб.+27%;2025;https://www.rusprofile.ru/
9204004472;"ООО ""КБ Коммутационной Аппаратуры""";299053, город Севастополь, ул Вакуленчука, д. 22, офис с502;Разработка компьютерного программного обеспечения;08.10.2001;3 609 792 000 руб.+15%;2025;https://www.rusprofile.ru/
2311236806;"ООО ""Атисс""";350072, Краснодарский край, город Краснодар, ул. Ростовское шоссе, д. 14/2, офис 313;Разработка компьютерного программного обеспечения;19.05.2017;2 370 311 000 руб.+242%;2025;https://www.rusprofile.ru/
6164303598;"ООО ""Торговые Решения""";344002, Ростовская область, город Ростов-на-Дону, Социалистическая ул, зд. 74, 1302;Разработка компьютерного программного обеспечения;22.06.2011;1 608 289 000 руб.+32%;2025;https://www.rusprofile.ru/
7727343405;"ООО ""Цифровые Сервисы""";354340, Краснодарский край, пгт. Сириус, Международная ул, д. 2/1, этаж 4 ком. 405;Разработка компьютерного программного обеспечения;12.04.2018;1 475 804 000 руб.+65%;2025;https://www.rusprofile.ru/
6165000652;"ООО ""НПП ""Югпромавтоматизация"" или ООО ""НПП ""Югпа""";344038, Ростовская область, город Ростов-на-Дону, пр-кт Ленина, д. 44/13;Деятельность по подготовке компьютерных систем к эксплуатации;24.07.1991;1 338 749 000 руб.-37%;2025;https://www.rusprofile.ru/
2311144947;"ООО ""Медрокет""";350015, Краснодарский край, г Краснодар, ул Им. Буденного, д. 182, офис 87;Разработка компьютерного программного обеспечения;11.05.2012;1 089 248 000 руб.+31%;2025;https://www.rusprofile.ru/
2308255485;"ООО ""Айти Новация""";350051, Краснодарский край, город Краснодар, Рашпилевская ул., д. 287, помещ. 304;Деятельность, связанная с использованием вычислительной техники и информационных технологий, прочая;12.04.2018;1 087 155 000 руб.+69%;2025;https://www.rusprofile.ru/
2305028438;"ООО ""СБСВ-Ключавто Форма""";353290, Краснодарский край, город Горячий Ключ, ул Революции, д. 4, офис 9;Разработка компьютерного программного обеспечения;04.07.2013;994 817 000 руб.+60%;2025;https://www.rusprofile.ru/
2367029022;"ООО ""Стеллар""";354340, Краснодарский край, пгт. Сириус, Триумфальный проезд, д. 1;Деятельность консультативная и работы в области компьютерных технологий;20.01.2023;920 180 000 руб.+9%;2025;https://www.rusprofile.ru/
2328017390;"ООО ""А-Софт""";353100, Краснодарский край, Выселковский р-н, ст-ца Выселки, Степная ул, д. 1;Деятельность консультативная и работы в области компьютерных технологий;26.09.2006;912 020 000 руб.+526%;2025;https://www.rusprofile.ru/
2367030500;"ООО ""Омега.с""";354340, Краснодарский край, пгт. Сириус, Триумфальный проезд, д. 1;Разработка компьютерного программного обеспечения;12.04.2023;893 905 000 руб.+181%;2025;https://www.rusprofile.ru/
2367030074;"ООО ""Т1 Технологии""";354340, Краснодарский край, пгт. Сириус, Триумфальный проезд, д. 1, помещ. 2-032 раб.место 2-032/17, 2-032/18, 2-032/19, 2-032/20;Разработка компьютерного программного обеспечения;17.03.2023;860 672 000 руб.+23%;2025;https://www.rusprofile.ru/
2367027900;"ООО ""Высокие Цифровые Технологии""";354340, Краснодарский край, пгт. Сириус, Триумфальный проезд, д. 1, помещ. 2-032/2;Разработка компьютерного программного обеспечения;02.11.2022;834 363 000 руб.+104%;2025;https://www.rusprofile.ru/
3444277754;"ООО ""Кефир""";400005, Волгоградская область, г Волгоград, пр-кт Им. В.И. Ленина, д. 80, помещ. 11;Разработка компьютерного программного обеспечения;12.05.2022;757 500 000 руб.+23%;2025;https://www.rusprofile.ru/
6154043439;"ООО ""Дунайс""";347900, Ростовская область, город Таганрог, Октябрьская ул, д. 19 стр. 2, 326;Разработка компьютерного программного обеспечения, консультационные услуги в данной области и другие сопутствующие услуги;19.03.2012;756 269 000 руб.+26%;2025;https://www.rusprofile.ru/
2304081220;"ООО ""Айси Эйт""";344090, Ростовская область, г Ростов-На-Дону, ул Зорге, д. 9, помещ. 1;Разработка компьютерного программного обеспечения;01.08.2023;634 979 000 руб.+64%;2025;https://www.rusprofile.ru/
6166100603;"ООО ""Дибиай""";344065, Ростовская область, г Ростов-На-Дону, Троллейбусная ул, зд. 24/2в, офис 716;Деятельность по созданию и использованию баз данных и информационных ресурсов;13.07.2016;627 862 000 руб.+30%;2025;https://www.rusprofile.ru/
9201003689;"ООО ""Севстар Испс""";299055, город Севастополь, ул Хрусталева, зд. 74а;Деятельность, связанная с использованием вычислительной техники и информационных технологий, прочая;29.07.2014;612 271 000 руб.+15%;2025;https://www.rusprofile.ru/
3460011342;"ООО ""МРЦ""";400002, Волгоградская область, город Волгоград, Песчанокопская ул., д. 2а, помещ. 207;Деятельность по созданию и использованию баз данных и информационных ресурсов;18.11.2013;590 087 000 руб.+81%;2025;https://www.rusprofile.ru/
6164122190;"ООО ""Сквилла""";344011, Ростовская область, г Ростов-На-Дону, Доломановский пер, зд. 70д, этаж 11 помещ. №1;Разработка компьютерного программного обеспечения;09.06.2018;534 929 000 руб.+208%;2025;https://www.rusprofile.ru/
6150000995;"ООО Фирма ""Пластик Энтерпрайз""";346400, Ростовская область, город Новочеркасск, Михайловская ул., д. 164 а;Разработка компьютерного программного обеспечения;30.09.1991;499 958 000 руб.+17%;2025;https://www.rusprofile.ru/
6166123167;"ООО ""ЦПТ ""Агроцифра""";344029, Ростовская область, г Ростов-На-Дону, ул Менжинского, зд. 2л, офис 421;Разработка компьютерного программного обеспечения;24.08.2021;450 847 000 руб.+62%;2025;https://www.rusprofile.ru/
6167129186;"ООО ""РЦИТ""";344019, Ростовская область, город Ростов-на-Дону, ул Максима Горького, зд. 276, офис 112;Деятельность по созданию и использованию баз данных и информационных ресурсов;27.04.2015;443 864 000 руб.+105%;2025;https://www.rusprofile.ru/
6154556624;"ООО ""Оджетто Веб""";347900, Ростовская область, город Таганрог, Петровская ул., д. 89б;Разработка компьютерного программного обеспечения;16.09.2008;411 958 000 руб.+8%;2025;https://www.rusprofile.ru/
3445061691;"АО ""ИВЦ ЖКХ и ТЭК""";400001, Волгоградская область, город Волгоград, ул. Им. Циолковского, д. 9а, офис 7;Деятельность по обработке данных, предоставление услуг по размещению информации и связанная с этим деятельность;09.04.2003;400 759 000 руб.+5%;2025;https://www.rusprofile.ru/
2311064931;"ООО ""Портал-Юг""";350020, Краснодарский край, город Краснодар, Одесская ул., д. 48, офисы 2,3,6;Разработка компьютерного программного обеспечения;26.12.2001;359 848 000 руб.+15%;2025;https://www.rusprofile.ru/
6167129210;"ООО ""Вардар""";344019, Ростовская область, город Ростов-на-Дону, ул Максима Горького, зд. 276, офис 111;Деятельность по созданию и использованию баз данных и информационных ресурсов;29.04.2015;302 260 000 руб.+110%;2025;https://www.rusprofile.ru/
3445103528;"ООО ""Интернет-Агентство Интерволга""";400005, Волгоградская область, г Волгоград, пр-кт Им. В.И. Ленина, д. 50а, офис 36;Разработка компьютерного программного обеспечения;12.05.2009;298 078 000 руб.+8%;2025;https://www.rusprofile.ru/
9102236925;"ООО ""СТ-Трейд""";295022, Республика Крым, город Симферополь, ул Бородина, зд. 14г, помещ. 2;Разработка компьютерного программного обеспечения;03.11.2017;289 074 000 руб.+21%;2025;https://www.rusprofile.ru/
6161057898;"ООО ""Зазекс""";344113, Ростовская область, г Ростов-На-Дону, б-р Комарова, зд. 28/2, ком. 32д;Разработка компьютерного программного обеспечения;25.05.2010;261 345 000 руб.+8%;2025;https://www.rusprofile.ru/
9102261167;"АО ""Крымтехнологии""";295015, Республика Крым, г Симферополь, ул Козлова, д. 45а;Разработка компьютерного программного обеспечения;12.12.2019;238 718 000 руб.+98%;2025;https://www.rusprofile.ru/
2312222860;"ООО ""Тап2Визит""";350049, Краснодарский край, г Краснодар, ул Красных Партизан, д. 222, офис 308;Разработка компьютерного программного обеспечения;25.12.2014;225 705 000 руб.+126%;2025;https://www.rusprofile.ru/
3435311624;"ООО ""Соцмедиамаркетинг""";404110, Волгоградская область, город Волжский, ул. им Космонавтов, д. 16б, офис 308;Деятельность, связанная с использованием вычислительной техники и информационных технологий, прочая;08.05.2014;174 402 000 руб.+52%;2025;https://www.rusprofile.ru/
9731071324;"ООО ""ЛДМ""";354340, Краснодарский край, пгт. Сириус, Триумфальный проезд, д. 1;Разработка компьютерного программного обеспечения;13.10.2020;171 391 000 руб.+157%;2025;https://www.rusprofile.ru/
5407125059;"АО ""ЦФТ""";630559, Новосибирская область, рп Кольцово, Технопарковая ул, стр. 1, офис 208;Разработка компьютерного программного обеспечения;28.04.1993;10 313 940 000 руб.+30%;2025;https://www.rusprofile.ru/
3805731961;"ООО ""Битривер Рус""";665702, Иркутская область, город Братск, пр-д Стройиндустрии (Энергетик Ж/Р), д. 11б, офис 1;Деятельность по сопровождению компьютерных систем;15.11.2017;10 286 286 000 руб.+10%;2025;https://www.rusprofile.ru/
5408308256;"ООО ""Юзергейт""";630090, Новосибирская область, город Новосибирск, ул. Николаева, д. 11, офис 602;Разработка компьютерного программного обеспечения;17.04.2014;7 948 740 000 руб.+28%;2025;https://www.rusprofile.ru/
5410108110;"ООО ""Предприятие ""Элтекс""";630047, Новосибирская область, город Новосибирск, Окружная ул, д. 29в;Разработка компьютерного программного обеспечения;16.03.1996;7 402 668 000 руб.+22%;2025;https://www.rusprofile.ru/
5406119655;"ЗАО ""Золотая Корона""";630102, Новосибирская область, город Новосибирск, ул. Кирова, д.86;Деятельность по обработке данных, предоставление услуг по размещению информации и связанная с этим деятельность;13.04.1995;6 712 100 000 руб.+26%;2025;https://www.rusprofile.ru/
5406807965;"ООО ""Айтипрофи""";630090, Новосибирская область, г Новосибирск, ул Николаева, д. 11, этаж/офис 3/319.1;Разработка компьютерного программного обеспечения;20.08.2020;6 091 538 000 руб.+52%;2025;https://www.rusprofile.ru/
5401152049;"ЗАО ""Биллинговый Центр""";630055, Новосибирская область, город Новосибирск, ул. Мусы Джалиля, д. 11, офис 218;Деятельность по обработке данных, предоставление услуг по размещению информации и связанная с этим деятельность;28.05.1999;3 807 275 000 руб.+32%;2025;https://www.rusprofile.ru/
1902022558;"ООО ""Русгидро ИТ Сервис""";660017, Красноярский край, г Красноярск, ул Дубровинского, д. 43, помещ. 303-6;Разработка компьютерного программного обеспечения;06.10.2009;3 689 389 000 руб.+37%;2025;https://www.rusprofile.ru/
5528012370;"ООО ""НПО ""МИР""";644105, Омская область, город Омск, Успешная ул., д.51;Разработка компьютерного программного обеспечения;19.07.1999;3 495 395 000 руб.+11%;2025;https://www.rusprofile.ru/
5407976532;"ООО ""Алроса ИТ""";630007, Новосибирская область, город Новосибирск, Советская ул., д. 5, этаж 6;Разработка компьютерного программного обеспечения;28.10.2019;2 803 981 000 руб.+75%;2025;https://www.rusprofile.ru/
4205350927;"ООО ""Робофинанс""";650000, Кемеровская область, город Кемерово, Советский пр-кт, д. 2/7, офис 203;Разработка компьютерного программного обеспечения;16.02.2017;2 640 875 000 руб.+26%;2025;https://www.rusprofile.ru/
5410773412;"ООО ""Ин-Софт""";630020, Новосибирская область, город Новосибирск, Окружная ул., д.29в;Разработка компьютерного программного обеспечения;30.10.2012;2 389 078 000 руб.+58%;2025;https://www.rusprofile.ru/
3804045286;"ООО ""Сибинфософт""";665708, Иркутская область, г Братск, п/р П 04, зд. 52/1;Разработка компьютерного программного обеспечения;27.04.2011;2 251 044 000 руб.+40%;2025;https://www.rusprofile.ru/
5408287824;"ООО ""ДГ-Софт""";630090, Новосибирская область, город Новосибирск, ул. Николаева, д. 11, этаж 8;Разработка компьютерного программного обеспечения;25.05.2011;2 227 471 000 руб.+43%;2025;https://www.rusprofile.ru/
9731078560;"ООО ""Легалтэк""";644020, Омская область, г Омск, пр-кт Карла Маркса, д. 89а, помещ. 1п;Разработка компьютерного программного обеспечения;26.04.2021;2 167 126 000 руб.+31%;2025;https://www.rusprofile.ru/
7017405720;"ООО ""Маг Девелопмент""";634057, Томская область, город Томск, пр-кт Мира, д. 20;Разработка компьютерного программного обеспечения;13.07.2016;1 918 803 000 руб.+59%;2025;https://www.rusprofile.ru/
5257197365;"ООО ""Сдэк Диджитал""";630007, Новосибирская область, г Новосибирск, Кривощековская ул, зд. 15 к. 1, этаж 2 помещ. 5;Разработка компьютерного программного обеспечения;14.05.2020;1 616 690 000 руб.+40%;2025;https://www.rusprofile.ru/
7017373532;"АО ""Атомик Софт""";634021, Томская область, город Томск, ул. Герцена, д. 78;Разработка компьютерного программного обеспечения;27.03.2015;1 583 072 000 руб.+41%;2025;https://www.rusprofile.ru/
5407198829;"ООО ""Арка Текнолоджиз""";630007, Новосибирская область, город Новосибирск, Коммунистическая ул, зд. 2, этаж 6;Разработка компьютерного программного обеспечения;19.01.2015;1 464 934 000 руб.+10%;2025;https://www.rusprofile.ru/
7017091200;"ООО ""НПФ ""ИСБ""";634050, Томская область, город Томск, пр-кт Ленина, д. 28;Деятельность, связанная с использованием вычислительной техники и информационных технологий, прочая;26.03.2004;1 365 894 000 руб.-21%;2025;https://www.rusprofile.ru/
2225013891;"ООО ""НТЦ Галэкс""";656056, Алтайский край, город Барнаул, пл. им В.Н.Баварина, д. 2;Деятельность, связанная с использованием вычислительной техники и информационных технологий, прочая;01.10.1993;1 328 154 000 руб.+52%;2025;https://www.rusprofile.ru/
5407192601;"ЗАО ПЦ ""Картстандарт""";630102, Новосибирская область, город Новосибирск, ул. Кирова, д. 86, офис 437/1;Деятельность по обработке данных, предоставление услуг по размещению информации и связанная с этим деятельность;20.03.1998;1 328 039 000 руб.-3%;2025;https://www.rusprofile.ru/
7448104809;"ООО ""Интернет Технологии""";630099, Новосибирская область, г Новосибирск, Депутатская ул, зд. 46, офис 3053;Разработка компьютерного программного обеспечения;14.05.2008;1 324 764 000 руб.+13%;2025;https://www.rusprofile.ru/
7703468123;"ООО ""ФТС""";630090, Новосибирская область, г Новосибирск, ул Николаева, д. 11, офис 311;Деятельность по сопровождению компьютерных систем;28.11.2018;1 182 642 000 руб.+19%;2025;https://www.rusprofile.ru/
7017475326;"ООО ""СА""";634034, Томская область, г Томск, ул Белинского, д. 54, помещ. 62;Разработка компьютерного программного обеспечения;10.06.2020;1 127 126 000 руб.+367%;2025;https://www.rusprofile.ru/
3812023430;"ООО НПФ ""Форус""";664007, Иркутская область, город Иркутск, Ямская ул., д. 1/1, офис 1;Разработка компьютерного программного обеспечения;28.01.1992;979 591 000 руб.+10%;2025;https://www.rusprofile.ru/
2221256678;"ООО ""М-Тех""";656049, Алтайский край, г Барнаул, ул Мерзликина, д. 5, офис 404;Разработка компьютерного программного обеспечения;13.05.2022;921 579 000 руб.+24%;2025;https://www.rusprofile.ru/
2458016091;"ООО ""Красцветмет. ИТ""";662501, Красноярский край, г Сосновоборск, пр-кт Мира, д. 15, помещ. 140;Разработка компьютерного программного обеспечения;28.07.2022;913 414 000 руб.+9%;2025;https://www.rusprofile.ru/
2446031899;"ООО ""Эн+ Диджитал""";664007, Иркутская область, город Иркутск, Нижняя Набережная ул, д. 14/1, помещ. 52;Разработка компьютерного программного обеспечения;17.04.2012;869 706 000 руб.+15%;2025;https://www.rusprofile.ru/
7730706401;"ООО ""Зарплата.Ру""";630099, Новосибирская область, город Новосибирск, Депутатская ул, зд. 46, этаж 6 офис 3063;Деятельность по созданию и использованию баз данных и информационных ресурсов;07.05.2014;836 721 000 руб.-5%;2025;https://www.rusprofile.ru/
5406353310;"ООО ""Тауконсалт""";630005, Новосибирская область, г Новосибирск, ул Фрунзе, зд. 86, помещ. 1001;Разработка компьютерного программного обеспечения;11.05.2006;763 143 000 руб.;2025;https://www.rusprofile.ru/
5408012273;"ООО ""Тру Инжиниринг""";630090, Новосибирская область, город Новосибирск, ул Кутателадзе, зд. 4г, офис 318;Разработка компьютерного программного обеспечения;21.10.2016;749 163 000 руб.+11%;2025;https://www.rusprofile.ru/
5504149351;"ООО ""Фто ЦР""";644042, Омская область, г Омск, пр-кт Карла Маркса, д. 18 к. 28, офис 601;Разработка компьютерного программного обеспечения;13.07.2017;738 786 000 руб.+18%;2025;https://www.rusprofile.ru/
5407478199;"ООО ""БКС - Технологии""";630099, Новосибирская область, город Новосибирск, Советская ул, зд. 37;Разработка компьютерного программного обеспечения, консультационные услуги в данной области и другие сопутствующие услуги;14.08.2012;713 353 000 руб.+101%;2025;https://www.rusprofile.ru/
5406810380;"ООО ""Блэклайт-Ит""";630024, Новосибирская область, г Новосибирск, Бетонная ул, д. 14, офис 204а;Разработка компьютерного программного обеспечения;23.12.2020;685 510 000 руб.+109%;2025;https://www.rusprofile.ru/
5408298569;"ООО ""Атом Безопасность""";630090, Новосибирская область, г Новосибирск, ул Кутателадзе, зд. 4г, офис 340;Разработка компьютерного программного обеспечения;28.11.2012;680 692 000 руб.+19%;2025;https://www.rusprofile.ru/
5407490809;"ООО""Текон Сибирь""";630005, Новосибирская область, город Новосибирск, ул Фрунзе, зд. 88;Разработка компьютерного программного обеспечения;21.10.2013;640 786 000 руб.+26%;2025;https://www.rusprofile.ru/
5445255281;"ООО ""Финансовые Информационные Системы""";630049, Новосибирская область, город Новосибирск, ул. Дуси Ковальчук, д.179/5, 319;Разработка компьютерного программного обеспечения, консультационные услуги в данной области и другие сопутствующие услуги;10.01.2008;528 844 000 руб.+28%;2025;https://www.rusprofile.ru/
5405266992;"ООО ""Цифровые Проекты 1С-Рарус""";630015, Новосибирская область, г Новосибирск, Планетная ул, д. 30, производственный корпус 2б помещ. 5а;Деятельность, связанная с использованием вычислительной техники и информационных технологий, прочая;27.01.2004;452 722 000 руб.+46%;2025;https://www.rusprofile.ru/
5407976959;"АО ""Корпоративные Ит-Проекты""";630099, Новосибирская область, город Новосибирск, ул. Чаплыгина, д. 47, офис 1;Деятельность по планированию, проектированию компьютерных систем;04.12.2019;450 387 000 руб.+108%;2025;https://www.rusprofile.ru/
7017341160;"ООО ""Лэмз-Т""";634055, Томская область, город Томск, пр-кт Развития, д.8;Разработка компьютерного программного обеспечения;11.11.2013;448 454 000 руб.+27%;2025;https://www.rusprofile.ru/
5408285792;"ООО ""Диджитал Клаудс""";630090, Новосибирская область, г Новосибирск, ул Демакова, д. 30, помещ. 6;Разработка компьютерного программного обеспечения;15.02.2011;444 713 000 руб.+29%;2025;https://www.rusprofile.ru/
4205404386;"ООО ""Джемтех""";650000, Кемеровская область, г Кемерово, ул 50 Лет Октября, стр. 11, офис 816;Разработка компьютерного программного обеспечения;06.04.2022;399 195 000 руб.+21%;2025;https://www.rusprofile.ru/
2464160248;"ООО ""Ит-Левел""";660064, Красноярский край, г Красноярск, ул Академика Вавилова, д. 1 стр. 51/1, офис 1-03;Разработка компьютерного программного обеспечения;20.10.2022;385 053 000 руб.-5%;2025;https://www.rusprofile.ru/
5507066713;"ООО ""ИТП ""Град""";644024, Омская область, город Омск, ул. Т.К.Щербанева, дом 35;Деятельность консультативная и работы в области компьютерных технологий;06.10.2003;375 184 000 руб.+55%;2025;https://www.rusprofile.ru/
5403339934;"ООО ""Русинтех Сервис""";630033, Новосибирская область, г Новосибирск, Оловозаводская ул, зд. 47/9, помещ. 2;Разработка компьютерного программного обеспечения;06.08.2012;355 895 000 руб.+54%;2025;https://www.rusprofile.ru/
7017492258;"ООО ""Сибагро - ИТ""";634009, Томская область, г Томск, Кооперативный пер, д. 2, офис 206;Разработка компьютерного программного обеспечения;29.04.2022;300 545 000 руб.+29%;2025;https://www.rusprofile.ru/
5407964449;"ООО ""Си Софт""";630004, Новосибирская область, город Новосибирск, ул Ленина, зд. 48, этаж 2 помещение 104;Разработка компьютерного программного обеспечения;18.05.2017;280 620 000 руб.+685%;2025;https://www.rusprofile.ru/
7017465208;"ООО ""ЕИРЦ ТО""";634034, Томская область, г Томск, ул Котовского, д. 19, офис 419;Деятельность по обработке данных, предоставление услуг по размещению информации и связанная с этим деятельность;30.09.2019;253 532 000 руб.+7%;2025;https://www.rusprofile.ru/
4205362619;"ООО ""Софт Инжиниринг""";650002, Кемеровская область, город Кемерово, Бакинский пер., стр. 15, помещ. 1;Деятельность по созданию и использованию баз данных и информационных ресурсов;22.11.2017;242 590 000 руб.+8%;2025;https://www.rusprofile.ru/
6663003127;"АО ""ПФ ""СКБ Контур""";620144, Свердловская область, город Екатеринбург, ул. Народной воли, стр. 19а;Разработка компьютерного программного обеспечения;26.03.1992;32 494 076 000 руб.+21%;2025;https://www.rusprofile.ru/
6672235068;"ООО ""УЦСБ""";620100, Свердловская область, город Екатеринбург, ул. Ткачей, д.6;Деятельность, связанная с использованием вычислительной техники и информационных технологий, прочая;08.05.2007;12 126 072 000 руб.+40%;2025;https://www.rusprofile.ru/
6658551752;"ООО ""Реглаб""";620149, Свердловская область, г Екатеринбург, Зоологическая ул, стр. 9, оф/эт 306/2;Разработка компьютерного программного обеспечения;03.03.2022;9 982 009 000 руб.+124%;2025;https://www.rusprofile.ru/
7206057388;"ООО ""Сибур Диджитал""";626150, Тюменская область, город Тобольск, тер Восточный промышленный район-квартал 5, влд 2 стр. 25, кабинет 213;Разработка компьютерного программного обеспечения;01.11.2017;9 258 438 000 руб.+26%;2025;https://www.rusprofile.ru/
6660017837;"АО ""Искра Технологии""";620066, Свердловская область, город Екатеринбург, Комвузовская ул., д. 9 стр. а;Разработка компьютерного программного обеспечения;27.05.1994;4 064 526 000 руб.-10%;2025;https://www.rusprofile.ru/
6673240328;"ООО ""Сертум-Про""";620036, Свердловская область, г Екатеринбург, Малопрудная ул, стр. 5, офис 715;Деятельность по созданию и использованию баз данных и информационных ресурсов;19.05.2011;3 633 081 000 руб.+6%;2025;https://www.rusprofile.ru/
4501170000;"ООО ""Такстелеком""";640018, Курганская область, г Курган, Пролетарская ул, д. 39, кв. 43;Деятельность по созданию и использованию баз данных и информационных ресурсов;18.08.2011;3 520 647 000 руб.+13%;2025;https://www.rusprofile.ru/
7445047060;"ООО ""ММК-Информсервис""";455019, Челябинская область, город Магнитогорск, пр-кт Пушкина, д.2;Деятельность по созданию и использованию баз данных и информационных ресурсов;30.04.2010;3 157 382 000 руб.+19%;2025;https://www.rusprofile.ru/
6670021470;"АО ""НПЦ ""Промэлектроника""";620078, Свердловская область, город Екатеринбург, ул. Малышева, д.128 к.а;Деятельность консультативная и работы в области компьютерных технологий;16.12.2002;3 016 255 000 руб.+62%;2025;https://www.rusprofile.ru/
6660121309;"АО ""АСК""";620066, Свердловская область, город Екатеринбург, Студенческая ул, стр. 1д;Разработка компьютерного программного обеспечения;11.12.1997;2 733 251 000 руб.+40%;2025;https://www.rusprofile.ru/
6671116364;"АО ""Нау-Сервис""";620131, Свердловская область, г Екатеринбург, ул Татищева, стр. 49а, офис 405;Разработка компьютерного программного обеспечения;02.04.2002;2 683 987 000 руб.+42%;2025;https://www.rusprofile.ru/
6671113892;"ООО ""Джиэй Тэктим""";620014, Свердловская область, город Екатеринбург, ул. Сакко и Ванцетти, д. 62, офис 407;Разработка компьютерного программного обеспечения;28.08.2020;2 484 591 000 руб.+90%;2025;https://www.rusprofile.ru/
6625034780;"АО ""Диайпи""";454129, Челябинская область, город Челябинск, ул Машиностроителей, д. 21;Разработка компьютерного программного обеспечения;28.06.2005;2 458 857 000 руб.+28%;2025;https://www.rusprofile.ru/
6671228290;"ЗАО ""Сервис-Газификация""";620146, Свердловская область, город Екатеринбург, ул. Амундсена, д. 59, кв. 15;Разработка компьютерного программного обеспечения;30.05.2007;2 413 373 000 руб.+1%;2025;https://www.rusprofile.ru/
6685157931;"ООО ""Боксберри Софт""";620100, Свердловская область, город Екатеринбург, Сибирский тракт, стр 12, корпус 1, офис 501;Деятельность, связанная с использованием вычислительной техники и информационных технологий, прочая;11.01.2019;2 254 628 000 руб.+2%;2025;https://www.rusprofile.ru/
7444020700;"ООО ""Компас Плюс""";455044, Челябинская область, город Магнитогорск, пр-кт Ленина, д. 68, неж. пом. 3 кабинет 207;Разработка компьютерного программного обеспечения;16.01.1997;2 008 852 000 руб.+9%;2025;https://www.rusprofile.ru/
6670437372;"ООО ""РТ Цифровые Решения""";620000, Свердловская область, город Екатеринбург, ул Бориса Ельцина, стр. 1а, офис 18.1;Разработка компьютерного программного обеспечения;27.05.2016;1 798 943 000 руб.+27%;2025;https://www.rusprofile.ru/
7718177230;"ООО ""Форк ИТ""";624090, Свердловская область, г Верхняя Пышма, ул Орджоникидзе, д. 22, каб. 106;Разработка компьютерного программного обеспечения;18.05.2015;1 712 771 000 руб.+107%;2025;https://www.rusprofile.ru/
7202095640;"ООО ""СГП""";625000, Тюменская область, город Тюмень, ул. Челюскинцев, д. 29;Разработка компьютерного программного обеспечения;20.11.2000;1 280 637 000 руб.+4%;2025;https://www.rusprofile.ru/
7445015325;"АО ""Консом СКС""";455034, Челябинская область, город Магнитогорск, ул. Жукова, д.13;Разработка компьютерного программного обеспечения;12.02.1999;1 104 730 000 руб.+27%;2025;https://www.rusprofile.ru/
6671151513;"ООО ""Компания Броневик""";620014, Свердловская область, г Екатеринбург, ул Вайнера, стр. 40, ком. 605а (этаж 6);Разработка компьютерного программного обеспечения;14.07.2004;956 097 000 руб.-1%;2025;https://www.rusprofile.ru/
7415020254;"АО ""Папилон""";456320, Челябинская область, город Миасс, пр-кт Макеева, д.48;Деятельность консультативная и работы в области компьютерных технологий;19.07.1995;901 304 000 руб.+27%;2025;https://www.rusprofile.ru/
5047263607;"ООО ""Айти Фаундейшн""";620000, Свердловская область, г Екатеринбург, пер Химиков, стр. 3, помещ. 201;Разработка компьютерного программного обеспечения;17.05.2022;786 875 000 руб.+42%;2025;https://www.rusprofile.ru/
7451446087;"ООО ""1С-Франчайзи Парадигма""";454091, Челябинская область, г Челябинск, ул Елькина, д. 59, кв. 41;Разработка компьютерного программного обеспечения;18.10.2019;777 595 000 руб.+15%;2025;https://www.rusprofile.ru/
7460042450;"ООО ""Мечел-Инфотех""";454047, Челябинская область, город Челябинск, Павелецкая 2-я ул, д. 14, офис 2.10;Разработка компьютерного программного обеспечения;05.06.2018;688 106 000 руб.-5%;2025;https://www.rusprofile.ru/
6662090423;"АО ""Восточный Ветер""";620039, Свердловская область, г Екатеринбург, ул Лукиных, стр. 20а;Разработка компьютерного программного обеспечения;15.07.1997;684 464 000 руб.+56%;2025;https://www.rusprofile.ru/
6685168740;"ООО ""СКБ-Онлайн""";620026, Свердловская область, город Екатеринбург, ул. Куйбышева, стр. 58, ком. 226;Деятельность консультативная и работы в области компьютерных технологий;08.11.2019;682 562 000 руб.+25%;2025;https://www.rusprofile.ru/
6670385082;"ООО ""Миралоджик СМ""";620075, Свердловская область, город Екатеринбург, ул. Бажова, д. 79, помещ. 316;Деятельность по созданию и использованию баз данных и информационных ресурсов;05.09.2012;666 378 000 руб.+12%;2025;https://www.rusprofile.ru/
6678070207;"ООО ""Ренью""";620027, Свердловская область, город Екатеринбург, Мельковская ул., д. 9, пом/ком 2а/84;Разработка компьютерного программного обеспечения;31.03.2016;655 824 000 руб.+7%;2025;https://www.rusprofile.ru/
6623140744;"ООО ""Тирус - ИТ""";624760, Свердловская область, Верхнесалдинский р-н, г Верхняя Салда, Парковая ул, д. 12, кабинет 7;Разработка компьютерного программного обеспечения;07.06.2022;652 663 000 руб.+1%;2025;https://www.rusprofile.ru/
6685124446;"ООО ""СКБ Лаб""";620026, Свердловская область, город Екатеринбург, ул. Куйбышева, стр. 58, офис 321;Разработка компьютерного программного обеспечения;22.12.2016;611 637 000 руб.+2%;2025;https://www.rusprofile.ru/
7203552828;"ООО ""Ютэйр-Ит""";625025, Тюменская область, г Тюмень, Интернациональная ул, д. 181, офис 319;Разработка компьютерного программного обеспечения;14.03.2023;608 241 000 руб.+74%;2025;https://www.rusprofile.ru/
6670208848;"ООО  ""Айдеко""";620066, Свердловская область, г Екатеринбург, ул Кулибина, стр. 2, офис 500;Разработка компьютерного программного обеспечения;04.04.2008;607 838 000 руб.+39%;2025;https://www.rusprofile.ru/
6671428349;"ООО ""Адванта Консалтинг""";620014, Свердловская область, город Екатеринбург, ул. Шейнкмана, стр 10, офис 17;Разработка компьютерного программного обеспечения;07.08.2013;562 251 000 руб.+71%;2025;https://www.rusprofile.ru/
6671111140;"АО ""Наумен""";620131, Свердловская область, г Екатеринбург, ул Татищева, стр. 49а, офис 515;Разработка компьютерного программного обеспечения;13.11.2001;560 421 000 руб.+23%;2025;https://www.rusprofile.ru/
7451188220;"ООО ""1С-Рарус Челябинск""";454091, Челябинская область, город Челябинск, ул Труда, д. 91, офис 403;Разработка компьютерного программного обеспечения;16.10.2002;527 728 000 руб.+37%;2025;https://www.rusprofile.ru/
7203405541;"ООО ""Е-Софт""";625033, Тюменская область, г Тюмень, Суходольская ул, д. 16, помещ. 1;Разработка компьютерного программного обеспечения;16.12.2016;502 825 000 руб.+2%;2025;https://www.rusprofile.ru/
6671211579;"ООО ""Экософт Групп""";620014, Свердловская область, г Екатеринбург, ул Добролюбова, стр. 16, офис 402;Разработка компьютерного программного обеспечения;12.04.2022;492 350 000 руб.+47%;2025;https://www.rusprofile.ru/
7204059654;"АО ""ТРИЦ""";625000, Тюменская область, город Тюмень, Первомайская ул., д.40;Деятельность по обработке данных, предоставление услуг по размещению информации и связанная с этим деятельность;25.09.2003;470 971 000 руб.+12%;2025;https://www.rusprofile.ru/
8602268401;"ООО ""Главэнергогрупп""";628403, Ханты-Мансийский - Югра автономный округ, г Сургут, ул 30 Лет Победы, зд. 21, этаж 5;Деятельность консультативная и работы в области компьютерных технологий;23.05.2016;462 719 000 руб.+51%;2025;https://www.rusprofile.ru/
6671449451;"ООО ""Сибирско-Уральская Медиакомпания""";620000, Свердловская область, город Екатеринбург, ул Карла Либкнехта, стр. 5, помещение 317;Деятельность информационных агентств;11.04.2014;444 999 000 руб.+30%;2025;https://www.rusprofile.ru/
7202010406;"ООО ""Ингеосервис""";625019, Тюменская область, город Тюмень, ул. Республики, д. 211;Разработка компьютерного программного обеспечения;07.09.1992;436 389 000 руб.+2%;2025;https://www.rusprofile.ru/
7203286037;"ООО ""Айти-Сервис""";625032, Тюменская область, город Тюмень, ул. Панфиловцев, д.86;Разработка компьютерного программного обеспечения;05.12.2012;424 880 000 руб.+37%;2025;https://www.rusprofile.ru/
6671252840;"ООО ""РМК Диджитал""";620000, Свердловская область, г Екатеринбург, ул Горького, стр. 57, офис 13.18;Деятельность консультативная и работы в области компьютерных технологий;16.12.2022;401 457 000 руб.+52%;2025;https://www.rusprofile.ru/
7448159903;"ООО ""Стендап Инновации""";454091, Челябинская область, г Челябинск, ул Цвиллинга, д. 16, офис 1;Разработка компьютерного программного обеспечения;17.06.2013;365 382 000 руб.-8%;2025;https://www.rusprofile.ru/
6679095116;"ООО ""Смарт ИТ""";620100, Свердловская область, г Екатеринбург, Сибирский тракт, стр. 12/3, офис 104;Разработка компьютерного программного обеспечения;29.06.2016;325 702 000 руб.+27%;2025;https://www.rusprofile.ru/
6672315669;"ООО ""Промит""";620014, Свердловская область, г Екатеринбург, Московская ул, стр. 16, офис 402;Разработка компьютерного программного обеспечения;01.06.2010;320 861 000 руб.+45%;2025;https://www.rusprofile.ru/
7448085232;"ООО ""Интерсвязь-Центр""";454138, Челябинская область, город Челябинск, ул Куйбышева, д. 29, офис 2;Деятельность по оказанию консультационных и информационных услуг;11.01.2007;308 781 000 руб.+38%;2025;https://www.rusprofile.ru/
7444027511;"ООО ""Парадокс""";455008, Челябинская область, г Магнитогорск, ул Жукова, д. 15, помещ. 2;Деятельность по созданию и использованию баз данных и информационных ресурсов;07.09.1999;305 041 000 руб.+63%;2025;https://www.rusprofile.ru/
6670195243;"ООО ""Таргем Геймз""";620014, Свердловская область, г Екатеринбург, ул Сакко И Ванцетти, стр. 102, офис 211;Разработка компьютерного программного обеспечения;21.12.2007;291 477 000 руб.-22%;2025;https://www.rusprofile.ru/
2632068663;"АО ""Монитор Электрик""";357506, Ставропольский край, город Пятигорск, Подстанционная ул, д. 28;Разработка компьютерного программного обеспечения, консультационные услуги в данной области и другие сопутствующие услуги;28.03.2003;1 792 796 000 руб.-17%;2025;https://www.rusprofile.ru/
2634806725;"ООО ""Стилсофт""";355012, Ставропольский край, город Ставрополь, ул Маяковского, д. 15, помещ. 111;Разработка компьютерного программного обеспечения;28.08.2012;939 956 000 руб.+251%;2025;https://www.rusprofile.ru/
2635245712;"ООО ""Автотрекер""";355044, Ставропольский край, город Ставрополь, ул Бруснева, д. 4/3, офис 402;Разработка компьютерного программного обеспечения;22.06.2020;356 031 000 руб.+22%;2025;https://www.rusprofile.ru/
2635827816;"ООО ""Масспроект""";355011, Ставропольский край, г Ставрополь, ул 45 Параллель, д. 6;Разработка компьютерного программного обеспечения;03.03.2014;280 066 000 руб.+64%;2025;https://www.rusprofile.ru/
2634110871;"ООО ""Энергомера Софт""";355008, Ставропольский край, г Ставрополь, Апанасенковская ул, д. 4, офис 196;Разработка компьютерного программного обеспечения;10.10.2022;223 404 000 руб.+37%;2025;https://www.rusprofile.ru/
2635245455;"ООО ""Ультраденьги""";355021, Ставропольский край, город Ставрополь, ул Пирогова, д. 53;Деятельность информационных служб прочая, не включенная в другие группировки;21.05.2020;;2025;https://www.rusprofile.ru/
1631050005;"ООО ""Процессинговый Центр""";423457, Республика Татарстан, Альметьевский район, город Альметьевск, ул Мира, д. 6;Деятельность консультативная и работы в области компьютерных технологий;14.03.2002;48 533 164 000 руб.+33%;2025;https://www.rusprofile.ru/
1615014289;"ООО ""ИТ Икс 5 Технологии""";420500, Республика Татарстан, Верхнеуслонский район, город Иннополис, Университетская ул., д. 7, офис 403;Разработка компьютерного программного обеспечения;12.12.2018;30 549 570 000 руб.+31%;2025;https://www.rusprofile.ru/
5260146265;"ООО ""Цитадель""";603093, Нижегородская область, город Нижний Новгород, ул. Родионова, д.192 к.1;Разработка компьютерного программного обеспечения;17.02.2005;23 692 616 000 руб.+20%;2025;https://www.rusprofile.ru/
5902879646;"ООО ""Иксолла""";614000, Пермский край, город Пермь, Комсомольский пр-кт, д. 1, подъезд 2, этаж/офис 6/3;Деятельность, связанная с использованием вычислительной техники и информационных технологий, прочая;24.05.2011;13 221 748 000 руб.+12%;2025;https://www.rusprofile.ru/
1660002574;"АО НИЦ ""Инкомсистем""";420029, Республика Татарстан, город Казань, Пионерская ул., д.17;Деятельность, связанная с использованием вычислительной техники и информационных технологий, прочая;25.04.1991;9 561 306 000 руб.+9%;2025;https://www.rusprofile.ru/
1659161523;"ООО ""К-Телематика""";420059, Республика Татарстан, город Казань, ул. Оренбургский тракт, д. 5в, офис 403;Разработка компьютерного программного обеспечения;26.08.2015;9 405 050 000 руб.+13%;2025;https://www.rusprofile.ru/
1655107067;"ООО НПП ""ГКС""";420111, Республика Татарстан, город Казань, ул. Тази Гиззата, д. 3;Деятельность по подготовке компьютерных систем к эксплуатации;31.03.2006;7 108 329 000 руб.+53%;2025;https://www.rusprofile.ru/
0278005403;"АО ""Нефтеавтоматика""";450005, Республика Башкортостан, город Уфа, ул. 50-летия Октября, д.24;Деятельность консультативная и работы в области компьютерных технологий;21.06.1993;7 087 203 000 руб.;2025;https://www.rusprofile.ru/
1655251590;"АО ""Барс Груп""";420012, Республика Татарстан, город Казань, ул. Некрасова, д. 9, офис 11;Разработка компьютерного программного обеспечения;03.09.2012;5 393 408 000 руб.+9%;2025;https://www.rusprofile.ru/
7300037501;"АО ""Суточно""";432071, Ульяновская область, г Ульяновск, пер Мира 2-Й, д. 24, помещ. 36;Разработка компьютерного программного обеспечения;12.11.2024;5 369 593 000 руб.;2025;https://www.rusprofile.ru/
5835112634;"АО ""Трэи""";440028, Пензенская область, город Пенза, ул. Германа Титова, д. 1;Разработка компьютерного программного обеспечения;10.06.2015;3 551 495 000 руб.+96%;2025;https://www.rusprofile.ru/
1828016121;"ООО ""Этз ""Вектор""";427432, Удмуртская Республика, город Воткинск, ул. Победы, д.2е;Деятельность по подготовке компьютерных систем к эксплуатации;01.06.2007;3 549 359 000 руб.+51%;2025;https://www.rusprofile.ru/
5906159906;"ООО ""РТ МИС""";614107, Пермский край, город Пермь, Уральская ул., д. 76;Разработка компьютерного программного обеспечения;13.06.2019;3 312 840 000 руб.+3%;2025;https://www.rusprofile.ru/
1615012203;"ООО ""Айсиэл СТ""";422616, Республика Татарстан, Лаишевский район, село Усады, Дорожная ул, д. 42, корпус 2 офис 708;Разработка компьютерного программного обеспечения;21.08.2015;3 252 891 000 руб.+8%;2025;https://www.rusprofile.ru/
5261066968;"ООО ""Синтек""";603105, Нижегородская область, город Нижний Новгород, Ошарская ул., д.77а, п8;Разработка компьютерного программного обеспечения;04.03.2009;3 220 171 000 руб.+64%;2025;https://www.rusprofile.ru/
5259019343;"АО ""Р7""";603152, Нижегородская область, г Нижний Новгород, ул Ларина, д. 22д, ком. 26;Разработка компьютерного программного обеспечения;18.02.1998;3 200 250 000 руб.+13%;2025;https://www.rusprofile.ru/
5902191377;"ООО ""Парма - Телеком""";614015, Пермский край, город Пермь, Советская ул., д. 51а;Разработка компьютерного программного обеспечения;21.01.2003;2 940 810 000 руб.+33%;2025;https://www.rusprofile.ru/
1624016042;"ООО ""Айсиэл Софт""";422616, Республика Татарстан, Лаишевский район, село Усады, Дорожная ул, д. 42, корпус 1;Разработка компьютерного программного обеспечения;04.09.2017;2 852 632 000 руб.+80%;2025;https://www.rusprofile.ru/
5247051889;"ООО ""Омк-Ит""";607061, Нижегородская область, г Выкса, ул Братьев Баташевых, зд. 45, помещ. 111;Деятельность по созданию и использованию баз данных и информационных ресурсов;13.03.2013;2 744 822 000 руб.+43%;2025;https://www.rusprofile.ru/
1660146230;"ООО ""Джидиси Сервисез""";422616, Республика Татарстан, Лаишевский район, село Усады, Дорожная ул, д. 42, корпус 2 офис 835;Разработка компьютерного программного обеспечения;11.11.2010;2 633 481 000 руб.+15%;2025;https://www.rusprofile.ru/
1615012595;"ООО ""Татитнефть""";420500, Республика Татарстан, Верхнеуслонский район, город Иннополис, Университетская ул., д. 7, помещ. 56;Деятельность по созданию и использованию баз данных и информационных ресурсов;30.03.2016;2 552 599 000 руб.+40%;2025;https://www.rusprofile.ru/
6311151420;"ООО ""Нетлайн""";443099, Самарская область, город Самара, Чапаевская ул., д. 112-а, ком. 5,6,11-20,33,34;Разработка компьютерного программного обеспечения;15.04.2014;2 511 142 000 руб.-22%;2025;https://www.rusprofile.ru/
6315506610;"ООО НВФ ""СМС""";443035, Самарская область, город Самара, Минская ул., д. 25 секция 3;Разработка компьютерного программного обеспечения;16.01.2001;2 427 928 000 руб.+136%;2025;https://www.rusprofile.ru/
1215139170;"ООО ""Ричмедиа""";424000, Республика Марий Эл, город Йошкар-Ола, Вознесенская ул., д. 110, офис 302;Разработка компьютерного программного обеспечения;12.03.2009;2 304 274 000 руб.+3%;2025;https://www.rusprofile.ru/
0278085342;"ООО НПФ ""Экситон-Автоматика""";450037, Республика Башкортостан, город Уфа, Комсомольская ул., д. 98, офис 14, этаж 2;Разработка компьютерного программного обеспечения;22.04.2002;2 258 943 000 руб.+85%;2025;https://www.rusprofile.ru/
1835056809;"ООО ""Директум""";426011, Удмуртская Республика, город Ижевск, Северный пер., д.61;Разработка компьютерного программного обеспечения;15.08.2003;2 202 537 000 руб.+42%;2025;https://www.rusprofile.ru/
2128050753;"ООО ""КС""";"428000, Чувашская Республика, город Чебоксары, пр-кт Максима Горького, д. 18 ""б"", помещ. 8";Разработка компьютерного программного обеспечения;09.10.2003;2 183 807 000 руб.-6%;2025;https://www.rusprofile.ru/
6312102369;"ООО ""НПП Куйбышевтелеком - Метрология""";446394, Самарская область, Красноярский р-н, пгт Волжский, Пионерская ул, зд. 5, этаж 2 помещ. 8;Разработка компьютерного программного обеспечения;10.11.2010;2 014 663 000 руб.+4%;2025;https://www.rusprofile.ru/
7703807270;"ООО ""Новые Облачные Технологии""";420500, Республика Татарстан, Верхнеуслонский район, город Иннополис, Университетская ул., д. 7, офис 302;Разработка компьютерного программного обеспечения;07.03.2014;2 010 314 000 руб.+7%;2025;https://www.rusprofile.ru/
5260292724;"АО ""МЭК ""Энергоэффективные Технологии""";603000, Нижегородская область, г Нижний Новгород, ул Пискунова, д. 29, помещ. п34;Деятельность консультативная и работы в области компьютерных технологий;27.12.2010;1 917 578 000 руб.+6%;2025;https://www.rusprofile.ru/
0278101474;"ООО ""НПП ""Авиатрон""";450071, Республика Башкортостан, г Уфа, ул 50 Лет Ссср, д. 42/3;Разработка компьютерного программного обеспечения;05.05.2004;1 763 257 000 руб.+28%;2025;https://www.rusprofile.ru/
0278095326;"АО ""Сибком""";450075, Республика Башкортостан, г Уфа, ул Рихарда Зорге, д. 78, помещ. 1;Разработка компьютерного программного обеспечения;07.08.2003;1 716 891 000 руб.+2%;2025;https://www.rusprofile.ru/
5260443081;"ООО ""Гарда Технологии""";603093, Нижегородская область, город Нижний Новгород, ул. Родионова, д. 192 к. 1, помещ. 153 офис 901;Разработка компьютерного программного обеспечения;25.05.2017;1 700 548 000 руб.+113%;2025;https://www.rusprofile.ru/
5904370646;"ООО ""ДФС""";614066, Пермский край, город Пермь, ш. Космонавтов, д. 111, корпус 10, офис 301;Разработка компьютерного программного обеспечения;08.02.2019;1 542 769 000 руб.+108%;2025;https://www.rusprofile.ru/
1326218195;"АО ""Эволента""";430005, Республика Мордовия, город Саранск, Пролетарская ул, д. 36, помещ. 1;Разработка компьютерного программного обеспечения;30.03.2011;1 512 418 000 руб.+276%;2025;https://www.rusprofile.ru/
7810945525;"ООО ""Таймвэб.Клауд""";420500, Республика Татарстан, Верхнеуслонский р-н, г Иннополис, Университетская ул, д. 7, офис 605;Разработка компьютерного программного обеспечения;25.04.2022;1 480 236 000 руб.+136%;2025;https://www.rusprofile.ru/
7327072430;"ООО ""Проф-Ит Эксперт""";432071, Ульяновская область, город Ульяновск, ул. Марата, д. 33, корпус 2, этаж 1-3;Деятельность, связанная с использованием вычислительной техники и информационных технологий, прочая;13.05.2014;1 445 944 000 руб.+48%;2025;https://www.rusprofile.ru/
6316134393;"ООО ""Хоулмонт""";443090, Самарская область, город Самара, ул. Гастелло, д. 43а, помещ. н15;Разработка компьютерного программного обеспечения;21.07.2008;1 443 091 000 руб.+63%;2025;https://www.rusprofile.ru/
9705158473;"ООО ""Русагро Тех""";412421, Саратовская область, Аткарский р-н, г Аткарск, ул Гоголя, д. 17, этаж 2 каб.3;Разработка компьютерного программного обеспечения;06.08.2021;1 433 647 000 руб.+8%;2025;https://www.rusprofile.ru/
1660202333;"ООО ""АК Барс Цифровые Технологии""";420500, Республика Татарстан, Верхнеуслонский р-н, г Иннополис, Центральная ул, зд. 300, помещ. 1001;Разработка компьютерного программного обеспечения;21.05.2014;1 390 445 000 руб.-15%;2025;https://www.rusprofile.ru/
1623014540;"ООО ""АБ Софт""";422110, Республика Татарстан, Кукморский район, город Кукмор, ул. Ленина, д. 24 к. 2, помещ. 43;Разработка компьютерного программного обеспечения;28.02.2019;1 382 772 000 руб.+13%;2025;https://www.rusprofile.ru/
1650081440;"ООО НПП ""Петролайн-а""";420087, Республика Татарстан, г Казань, ул Карбышева, д. 2, помещ. 1002;Деятельность по созданию и использованию баз данных и информационных ресурсов;30.01.2001;1 371 930 000 руб.-8%;2025;https://www.rusprofile.ru/
7325164903;"ООО ""Рэд Лаб""";432017, Ульяновская область, город Ульяновск, ул. Карла Либкнехта, д. 24/5а стр. 1, офис 44;Разработка компьютерного программного обеспечения;20.03.2019;1 364 516 000 руб.+110%;2025;https://www.rusprofile.ru/
1660014361;"АО ""Айсиэл-Кпо ВС""";420029, Республика Татарстан, город Казань, ул. Сибирский тракт, д.34;Разработка компьютерного программного обеспечения;11.11.1992;1 297 925 000 руб.-5%;2025;https://www.rusprofile.ru/
1655152750;"ООО""Татаисэнерго""";420107, Республика Татарстан, город Казань, ул. Марселя Салимжанова, д. 1;Деятельность, связанная с использованием вычислительной техники и информационных технологий, прочая;20.02.2008;1 263 170 000 руб.+48%;2025;https://www.rusprofile.ru/
5903125017;"ООО ""Кама Технологии""";614068, Пермский край, г Пермь, ул Ленина, д. 77а, этаж 1 ком. 101;Разработка компьютерного программного обеспечения;17.05.2016;1 262 232 000 руб.-13%;2025;https://www.rusprofile.ru/
7723822870;"ООО ""Интернет Технологии""";410012, Саратовская область, город Саратов, Московская ул., д.66;Деятельность по обработке данных, предоставление услуг по размещению информации и связанная с этим деятельность;15.12.2011;1 255 270 000 руб.+4%;2025;https://www.rusprofile.ru/
5260307811;"ООО ""СТМ""";603093, Нижегородская область, город Нижний Новгород, ул. Родионова, д. 23а, офис 313;Разработка компьютерного программного обеспечения, консультационные услуги в данной области и другие сопутствующие услуги;22.07.2011;1 243 918 000 руб.+18%;2025;https://www.rusprofile.ru/
5906855741;"ООО ""Гриндата""";614002, Пермский край, г Пермь, ул Белинского, д. 31, офис 11;Разработка компьютерного программного обеспечения;08.08.2014;1 236 853 000 руб.+9%;2025;https://www.rusprofile.ru/
1660093042;"ООО ""НПО ВС""";420088, Республика Татарстан, город Казань, ул. Журналистов, д.30, 2;Разработка компьютерного программного обеспечения;28.08.2006;1 224 887 000 руб.-2%;2025;https://www.rusprofile.ru/
